declaration	axioms	source_file	source_sha256
PaperIV.Erdos81AllOrders.erdos81_all_orders	propext, Classical.choice, Quot.sound	PaperIV/Erdos81AllOrders.lean	20fd876e23a7ad8b2f8e2747b173632034d3b68d9d67841ed4312ff08ecdabf5
PaperIV.Erdos81AllOrders.erdos81_all_orders_additive	propext, Classical.choice, Quot.sound	PaperIV/Erdos81AllOrders.lean	20fd876e23a7ad8b2f8e2747b173632034d3b68d9d67841ed4312ff08ecdabf5
PaperIV.Erdos81AllOrders.exists_trivial_cliquePartition	propext, Classical.choice, Quot.sound	PaperIV/Erdos81AllOrders.lean	20fd876e23a7ad8b2f8e2747b173632034d3b68d9d67841ed4312ff08ecdabf5
PaperIV.Erdos81Unconditional.erdos81_cliquePartition	propext, Classical.choice, Quot.sound	PaperIV/Erdos81Unconditional.lean	dd6c18f672f208cbba3d526b30e2ee4c71ae9dc4887f98fd0d2f40bd49ea3360
PaperIV.Erdos81Unconditional.erdos81_linear_form	propext, Classical.choice, Quot.sound	PaperIV/Erdos81Unconditional.lean	dd6c18f672f208cbba3d526b30e2ee4c71ae9dc4887f98fd0d2f40bd49ea3360
PaperIV.Erdos81Unconditional.erdos81_chordalTarget	propext, Classical.choice, Quot.sound	PaperIV/Erdos81Unconditional.lean	dd6c18f672f208cbba3d526b30e2ee4c71ae9dc4887f98fd0d2f40bd49ea3360
PaperIV.CertifiedOptimumExistence.exists_certifiedFractionalOptimum	propext, Classical.choice, Quot.sound	PaperIV/CertifiedOptimumExistence.lean	6e94101b5b9204c63535a120bb1721ba28a653921120225ac97efaa16e2491ef
PaperI.FiniteLP.exists_optimal_pair	propext, Classical.choice, Quot.sound	PaperI/FiniteLPDuality.lean	2a2c22cfea14f7abd21575c7bf3150ba66f63edaa570d2a35606c36ac40e6dc7
PaperIV.RC01Final.rc01_uniformRoundingTarget	propext, Classical.choice, Quot.sound	PaperIV/RC01Final.lean	b80021f96f47b24d004d8e15db59acd2b4c0d0bc8d13d3cd4b0f33cdfad7f9e5
PaperIV.RC01FarAssembly.farRegime_cliquePartition	propext, Classical.choice, Quot.sound	PaperIV/RC01FarAssembly.lean	07a907b480f81de42435bf8057f30cd77c62c9029a7d5a24dd9b3dbdacdd3a50
PaperIV.NearH1GlobalAssembly.nearRegimeAt	propext, Classical.choice, Quot.sound	PaperIV/NearH1GlobalAssembly.lean	070c05ace5c63ec9c39fc4aae1c6a712afaa3070c066bc8b723a3d82b7470dbb
PaperIV.NearH1GlobalAssembly.chordalTargetAt	propext, Classical.choice, Quot.sound	PaperIV/NearH1GlobalAssembly.lean	070c05ace5c63ec9c39fc4aae1c6a712afaa3070c066bc8b723a3d82b7470dbb
PaperIV.RootRegularizationBridge.exists_regularizedRoot_engineFree	propext, Classical.choice, Quot.sound	PaperIV/RootRegularizationBridge.lean	7d714d8d836f6b6e49c4a86dc7380c572054f0811d002a1a9c82dfa172ff9a88
PaperIV.HybridDichotomy.chordal_far_or_nearStructure	propext, Classical.choice, Quot.sound	PaperIV/HybridDichotomy.lean	e3336cafb0148b6c0a89a7cfd73bbac46b504777ce240fa12007800a09c60dce
PaperIV.HybridDichotomy.chordal_near_extremal_stability	propext, Classical.choice, Quot.sound	PaperIV/HybridDichotomy.lean	e3336cafb0148b6c0a89a7cfd73bbac46b504777ce240fa12007800a09c60dce
PaperIV.HybridDichotomy.erdos81_of_structuralDichotomy	propext, Classical.choice, Quot.sound	PaperIV/HybridDichotomy.lean	e3336cafb0148b6c0a89a7cfd73bbac46b504777ce240fa12007800a09c60dce
PaperIV.PaperTheorems.erdos81_hybrid_linear_form	propext, Classical.choice, Quot.sound	PaperIV/PaperTheorems.lean	1f5bede9275ff2767d6999b70ea4efa142bd4bc598d54113f9c03369d636e718
PaperIV.PaperTheorems.splitGraph_isChordal	propext, Classical.choice, Quot.sound	PaperIV/PaperTheorems.lean	1f5bede9275ff2767d6999b70ea4efa142bd4bc598d54113f9c03369d636e718
PaperIV.PaperTheorems.exists_chordal_extremal_witness	propext, Classical.choice, Quot.sound	PaperIV/PaperTheorems.lean	1f5bede9275ff2767d6999b70ea4efa142bd4bc598d54113f9c03369d636e718
PaperIV.PaperTheorems.erdos81_max_eq	propext, Classical.choice, Quot.sound	PaperIV/PaperTheorems.lean	1f5bede9275ff2767d6999b70ea4efa142bd4bc598d54113f9c03369d636e718
PaperIV.SplitCompleteExactValue.exists_optimal_cliquePartition	propext, Classical.choice, Quot.sound	PaperIV/SplitCompleteExactValue.lean	62e6d8d1012fc046c84d60bb7aeaa61619579c94ec22603c504b7b120bc1d658
PaperIV.SplitCompleteExactValueAllParities.exists_optimal_cliquePartition_allParities	propext, Classical.choice, Quot.sound	PaperIV/SplitCompleteExactValueAllParities.lean	c597eeb9111bdeb86555573502db255b91b02b9285ef60919a5b7f4426d76c1f
PaperIV.SplitCompleteSharpLower.cliquePartition_size_ge_baseline_unrestricted	propext, Classical.choice, Quot.sound	PaperIV/SplitCompleteSharpLower.lean	0ecd0d54cd467156d8b71d95c098ebbb93e3f1b71c59a42e615b005e58ce904a
PaperIV.SplitCompleteSharpValue.exists_sharp_cliquePartition_allParities	propext, Classical.choice, Quot.sound	PaperIV/SplitCompleteSharpValue.lean	cd650a63d4ae5b908881ea415e24dfaa486c2c9a5fa463c14f4258fddd2885f7
PaperIV.SplitCompleteSharpLower.critical_baseline_eq_targetSize	propext, Classical.choice, Quot.sound	PaperIV/SplitCompleteSharpLower.lean	0ecd0d54cd467156d8b71d95c098ebbb93e3f1b71c59a42e615b005e58ce904a
PaperIV.SplitCompleteRigidity.six_mul_baseline_add_sq	propext, Classical.choice, Quot.sound	PaperIV/SplitCompleteRigidity.lean	1f9f7c1da81c8466dfd4b545ec02cbef827019211bf89907f6e9fd40d671ed0f
PaperIV.SplitCompleteRigidity.baseline_le_targetSize	propext, Classical.choice, Quot.sound	PaperIV/SplitCompleteRigidity.lean	1f9f7c1da81c8466dfd4b545ec02cbef827019211bf89907f6e9fd40d671ed0f
PaperIV.SplitCompleteRigidity.baseline_eq_targetSize_iff	propext, Classical.choice, Quot.sound	PaperIV/SplitCompleteRigidity.lean	1f9f7c1da81c8466dfd4b545ec02cbef827019211bf89907f6e9fd40d671ed0f
PaperIV.SplitCompleteRigidity.optimal_cores	propext, Classical.choice, Quot.sound	PaperIV/SplitCompleteRigidity.lean	1f9f7c1da81c8466dfd4b545ec02cbef827019211bf89907f6e9fd40d671ed0f
PaperIV.SplitCompleteDefect.size_add_choose_eq_mul_add_sum_defect	propext, Classical.choice, Quot.sound	PaperIV/SplitCompleteDefect.lean	77bc9892e5f006fa8cae204c12bbc00f501319a8fb73049ce1f5044fede54c0c
PaperIV.SplitCompleteDefect.defect_eq_zero_iff	propext, Classical.choice, Quot.sound	PaperIV/SplitCompleteDefect.lean	77bc9892e5f006fa8cae204c12bbc00f501319a8fb73049ce1f5044fede54c0c
PaperIV.SplitCompleteDefect.defect_pos_of_no_host	propext, Classical.choice, Quot.sound	PaperIV/SplitCompleteDefect.lean	77bc9892e5f006fa8cae204c12bbc00f501319a8fb73049ce1f5044fede54c0c
PaperIV.SplitCompleteDefect.card_paying_pieces_le_excess	propext, Classical.choice, Quot.sound	PaperIV/SplitCompleteDefect.lean	77bc9892e5f006fa8cae204c12bbc00f501319a8fb73049ce1f5044fede54c0c
PaperIV.LinearCoefficient.linear_coefficient_optimal	propext, Classical.choice, Quot.sound	PaperIV/LinearCoefficient.lean	b4a643cc5b5d099fc7b9f50af57e840394a75582153acdf1f5278a523494e614
PaperIV.BalancedReserve.card_filter_edgeFamily	propext, Classical.choice, Quot.sound	PaperIV/BalancedReserve.lean	f2120eb0b1089fd39ab5c712d4f6cf37b921194df8f8e5a52a5903f005e7ed98
PaperIV.BalancedReserve.exists_balanced_reserve	propext, Classical.choice, Quot.sound	PaperIV/BalancedReserve.lean	f2120eb0b1089fd39ab5c712d4f6cf37b921194df8f8e5a52a5903f005e7ed98
PaperIV.SpreadAbsorption.exists_certificate	propext, Classical.choice, Quot.sound	PaperIV/SpreadAbsorption.lean	0a39c25f00d418240a8a279329613fca4e39d9817698fb5833424e4a37b251f4
PaperIV.SpreadAbsorption.exists_lowConflict_certificate	propext, Classical.choice, Quot.sound	PaperIV/SpreadAbsorption.lean	0a39c25f00d418240a8a279329613fca4e39d9817698fb5833424e4a37b251f4
PaperIV.SpreadAbsorption.physical_triangle_absorber	propext, Classical.choice, Quot.sound	PaperIV/SpreadAbsorption.lean	0a39c25f00d418240a8a279329613fca4e39d9817698fb5833424e4a37b251f4
PaperIV.SpreadAbsorption.totalGain_physical_triangle_absorber	propext, Classical.choice, Quot.sound	PaperIV/SpreadAbsorption.lean	0a39c25f00d418240a8a279329613fca4e39d9817698fb5833424e4a37b251f4
PaperIV.SpreadAbsorption.exists_budgeted_physical_triangle_absorber	propext, Classical.choice, Quot.sound	PaperIV/SpreadAbsorption.lean	0a39c25f00d418240a8a279329613fca4e39d9817698fb5833424e4a37b251f4
PaperIV.SpreadLedgerAbsorption.total_ledgerBad_le_two_accounts	propext, Classical.choice, Quot.sound	PaperIV/SpreadLedgerAbsorption.lean	c9d8cfc8ac66fd9b8ed0f6a6e42d96456a8e24ce1dcba05b5efd99e9a6c9356b
PaperIV.SpreadLedgerAbsorption.total_ledgerBad_le_paid_mass	propext, Classical.choice, Quot.sound	PaperIV/SpreadLedgerAbsorption.lean	c9d8cfc8ac66fd9b8ed0f6a6e42d96456a8e24ce1dcba05b5efd99e9a6c9356b
PaperIV.SpreadLedgerAbsorption.exists_spread_absorber_count_add_cost_le_baseline	propext, Classical.choice, Quot.sound	PaperIV/SpreadLedgerAbsorption.lean	c9d8cfc8ac66fd9b8ed0f6a6e42d96456a8e24ce1dcba05b5efd99e9a6c9356b
PaperIV.SpreadAbsorptionCompatibility.isPacking_union_absorber	propext, Classical.choice, Quot.sound	PaperIV/SpreadAbsorptionCompatibility.lean	65c46bb6e27adf92774ab614bef1706dda88d6455dcd82a8fb99946578047337
PaperIV.SpreadAbsorptionCompatibility.exists_compatible_spread_absorber	propext, Classical.choice, Quot.sound	PaperIV/SpreadAbsorptionCompatibility.lean	65c46bb6e27adf92774ab614bef1706dda88d6455dcd82a8fb99946578047337
PaperIV.SpreadAbsorptionCompatibility.exists_budgeted_compatible_spread_absorber	propext, Classical.choice, Quot.sound	PaperIV/SpreadAbsorptionCompatibility.lean	65c46bb6e27adf92774ab614bef1706dda88d6455dcd82a8fb99946578047337
PaperIV.SeparationAbsorptionRoute.chordal_dualSeparated_or_absorbable	propext, Classical.choice, Quot.sound	PaperIV/SeparationAbsorptionRoute.lean	f5876796355683bbefd188b88aefbf83dada033e5db9f8555a53bdf110d887aa
PaperIV.SeparationAbsorptionRoute.AbsorbableCriticalStructure.exists_target_partition	propext, Classical.choice, Quot.sound	PaperIV/SeparationAbsorptionRoute.lean	f5876796355683bbefd188b88aefbf83dada033e5db9f8555a53bdf110d887aa
PaperIV.SeparationAbsorptionRoute.erdos81_of_dualSeparation_absorption	propext, Classical.choice, Quot.sound	PaperIV/SeparationAbsorptionRoute.lean	f5876796355683bbefd188b88aefbf83dada033e5db9f8555a53bdf110d887aa
PaperIV.SplitEditIdentity.editDist_split_eq	propext, Classical.choice, Quot.sound	PaperIV/SplitEditIdentity.lean	44cdcbe407ecdbe10f0a490538324017f098e95a410a504976996b20c6328892
PaperIV.FarSlackQuantitative.farRegime_cliquePartition_slack	propext, Classical.choice, Quot.sound	PaperIV/FarSlackQuantitative.lean	7468a3a79266de09c00a5ccecea43a41047bbd6421f7929705bf6c204f171a88
PaperIV.IntegralStability.chordal_linear_stability	propext, Classical.choice, Quot.sound	PaperIV/IntegralStability.lean	eb24127115d1cc8174b97e2eeb99b944a20d3db85cd03ff8a99cf99a6eac01c2
PaperIV.ExtremalClassification.split_value	propext, Classical.choice, Quot.sound	PaperIV/ExtremalClassification.lean	8b2f62215ce6a4b7a1192a57f8d6d2238adc91142e72cc3ed28a4dbdbe0c13be
PaperIV.ExtremalClassification.chordal_extremal_classification	propext, Classical.choice, Quot.sound	PaperIV/ExtremalClassification.lean	8b2f62215ce6a4b7a1192a57f8d6d2238adc91142e72cc3ed28a4dbdbe0c13be
PaperIV.SplitMixedGap.fracPacking_value_le	propext, Classical.choice, Quot.sound	PaperIV/SplitMixedGap.lean	d340f1cc207de1238f7d3fbebf02615702b645edf91644ebfb8c7342689c51cb
PaperIV.SplitMixedGap.sum_gainOf_add_size	propext, Classical.choice, Quot.sound	PaperIV/SplitMixedGap.lean	d340f1cc207de1238f7d3fbebf02615702b645edf91644ebfb8c7342689c51cb
PaperIV.SplitMixedGap.exists_integral_gain_eq	propext, Classical.choice, Quot.sound	PaperIV/SplitMixedGap.lean	d340f1cc207de1238f7d3fbebf02615702b645edf91644ebfb8c7342689c51cb
PaperIV.SplitMixedGap.mixed_gap_zero	propext, Classical.choice, Quot.sound	PaperIV/SplitMixedGap.lean	d340f1cc207de1238f7d3fbebf02615702b645edf91644ebfb8c7342689c51cb
PaperIV.SimplicialReduction.exists_cliquePartition_of_delete_vertex	propext, Classical.choice, Quot.sound	PaperIV/SimplicialReduction.lean	1955c4bebb8675f425c83895bc9d4fc34324e9528e14e3ad573646a2ddcd5760
PaperIV.SimplicialReduction.targetSize_succ_sub_targetSize	propext, Classical.choice, Quot.sound	PaperIV/SimplicialReduction.lean	1955c4bebb8675f425c83895bc9d4fc34324e9528e14e3ad573646a2ddcd5760
PaperIV.SimplicialReduction.sharpBound_of_degree_le	propext, Classical.choice, Quot.sound	PaperIV/SimplicialReduction.lean	1955c4bebb8675f425c83895bc9d4fc34324e9528e14e3ad573646a2ddcd5760
PaperIV.SimplicialReduction.sharpBoundAt_of_largeCliqueRegime	propext, Classical.choice, Quot.sound	PaperIV/SimplicialReduction.lean	1955c4bebb8675f425c83895bc9d4fc34324e9528e14e3ad573646a2ddcd5760
PaperIV.SimplicialReductionRefined.exists_cliquePartition_freeStar	propext, Classical.choice, Quot.sound	PaperIV/SimplicialReductionRefined.lean	ea498064078b6bea37357b85ad06814a4d8104fbd29767ab5e1c47b51a4e027c
PaperIV.SimplicialReductionRefined.not_strongLoosePieceHypothesis	propext, Classical.choice, Quot.sound	PaperIV/SimplicialReductionRefined.lean	ea498064078b6bea37357b85ad06814a4d8104fbd29767ab5e1c47b51a4e027c
PaperIV.NearThresholdSensitivity.eps_le_of_physical_budget	propext, Classical.choice, Quot.sound	PaperIV/NearThresholdSensitivity.lean	d949fd617b8598e756d970ceb633230b6f366e54beff11504bf085d95a2e03ec
PaperIV.NearThresholdSensitivity.descent_threshold	propext, Classical.choice, Quot.sound	PaperIV/NearThresholdSensitivity.lean	d949fd617b8598e756d970ceb633230b6f366e54beff11504bf085d95a2e03ec
PaperIV.NearThresholdSensitivity.near_threshold_of_budget	propext, Classical.choice, Quot.sound	PaperIV/NearThresholdSensitivity.lean	d949fd617b8598e756d970ceb633230b6f366e54beff11504bf085d95a2e03ec
PaperIV.NearThresholdSensitivity.edit_mass_of_budget	propext, Classical.choice, Quot.sound	PaperIV/NearThresholdSensitivity.lean	d949fd617b8598e756d970ceb633230b6f366e54beff11504bf085d95a2e03ec
PaperIV.FourHostClosure.colourClass_isLiteralMatching	propext, Classical.choice, Quot.sound	PaperIV/FourHostClosure.lean	84730aac92f9d2dc99e0bdf069f2238e4debc7c10b1ed816fca96eaaac2c2948
PaperIV.FourHostClosure.exists_fourHost_packing	propext, Classical.choice, Quot.sound	PaperIV/FourHostClosure.lean	84730aac92f9d2dc99e0bdf069f2238e4debc7c10b1ed816fca96eaaac2c2948
PaperIV.FourHostClosure.fourHost_saving	propext, Classical.choice, Quot.sound	PaperIV/FourHostClosure.lean	84730aac92f9d2dc99e0bdf069f2238e4debc7c10b1ed816fca96eaaac2c2948
PaperIV.ReserveIdentity.centreDefect_mul_succ	propext, Quot.sound	PaperIV/ReserveIdentity.lean	dd85fd53273e5c0079841c82f14c1691daa6363b223766a4b09b70bd8e18d3c1
PaperIV.ReserveIdentity.targetSize_eq_baseline_add_reserve	propext, Classical.choice, Quot.sound	PaperIV/ReserveIdentity.lean	dd85fd53273e5c0079841c82f14c1691daa6363b223766a4b09b70bd8e18d3c1
PaperIV.ReserveIdentity.baseline_le_targetSize_of_reserve	propext, Classical.choice, Quot.sound	PaperIV/ReserveIdentity.lean	dd85fd53273e5c0079841c82f14c1691daa6363b223766a4b09b70bd8e18d3c1
PaperIV.ReserveIdentity.baseline_eq_targetSize_iff_reserve	propext, Classical.choice, Quot.sound	PaperIV/ReserveIdentity.lean	dd85fd53273e5c0079841c82f14c1691daa6363b223766a4b09b70bd8e18d3c1
PaperIV.ReserveIdentity.centreDefect_le_one_iff	propext, Classical.choice, Quot.sound	PaperIV/ReserveIdentity.lean	dd85fd53273e5c0079841c82f14c1691daa6363b223766a4b09b70bd8e18d3c1
PaperIV.ReserveIdentity.sq_residual_eq	propext, Classical.choice, Quot.sound	PaperIV/ReserveIdentity.lean	dd85fd53273e5c0079841c82f14c1691daa6363b223766a4b09b70bd8e18d3c1
PaperIV.ReserveIdentity.residual_sq_le_iff	propext, Classical.choice, Quot.sound	PaperIV/ReserveIdentity.lean	dd85fd53273e5c0079841c82f14c1691daa6363b223766a4b09b70bd8e18d3c1
PaperIV.LossBudget.budget_iff	propext, Classical.choice, Quot.sound	PaperIV/LossBudget.lean	d44ee8c02a8b7cdcbc11a4102f0cd6d3a49a1ebe3079bfb20731694f6321e51a
PaperIV.LossBudget.size_add_gain_eq	propext, Classical.choice, Quot.sound	PaperIV/LossBudget.lean	d44ee8c02a8b7cdcbc11a4102f0cd6d3a49a1ebe3079bfb20731694f6321e51a
PaperIV.LossBudget.erdos81_cp_form	propext, Classical.choice, Quot.sound	PaperIV/LossBudget.lean	d44ee8c02a8b7cdcbc11a4102f0cd6d3a49a1ebe3079bfb20731694f6321e51a
PaperIV.LossBudget.erdos81_cp_form_all_orders	propext, Classical.choice, Quot.sound	PaperIV/LossBudget.lean	d44ee8c02a8b7cdcbc11a4102f0cd6d3a49a1ebe3079bfb20731694f6321e51a
ThreeRegime.CompleteStateAllOrders.complete_state_closes	propext, Classical.choice, Quot.sound	ThreeRegime/CompleteStateAllOrders.lean	cdc9f6a4753a888d21a171cd98abd81ecd13488c6bd94cc48b113fd69ab4eb65
ThreeRegime.CompleteStateAllOrders.exists_packing	propext, Classical.choice, Quot.sound	ThreeRegime/CompleteStateAllOrders.lean	cdc9f6a4753a888d21a171cd98abd81ecd13488c6bd94cc48b113fd69ab4eb65
FarExploration.CleanupRigidVerdict.rs_rigid_mass_ge	propext, Classical.choice, Quot.sound	FarExploration/CleanupRigidVerdict.lean	6ff9f62145daec5b6705772666c912e82eb66ce67ac28dba285d7a86c798b80d
FarExploration.CleanupRigidVerdict.rigid_card_le_of_cleanup	propext, Classical.choice, Quot.sound	FarExploration/CleanupRigidVerdict.lean	6ff9f62145daec5b6705772666c912e82eb66ce67ac28dba285d7a86c798b80d
FarExploration.CleanupRigidVerdict.threshold_gt_exp	propext, Classical.choice, Quot.sound	FarExploration/CleanupRigidVerdict.lean	6ff9f62145daec5b6705772666c912e82eb66ce67ac28dba285d7a86c798b80d
FarExploration.CleanupRigidVerdict.threshold_superpolynomial	propext, Classical.choice, Quot.sound	FarExploration/CleanupRigidVerdict.lean	6ff9f62145daec5b6705772666c912e82eb66ce67ac28dba285d7a86c798b80d
FarExploration.CleanupRigidVerdict.threshold_gt_exp_seventy_two	propext, Classical.choice, Quot.sound	FarExploration/CleanupRigidVerdict.lean	6ff9f62145daec5b6705772666c912e82eb66ce67ac28dba285d7a86c798b80d
BoundedCliqueGap.chordal_gap_linear_cliqueFree	propext, Classical.choice, Quot.sound	BoundedCliqueGap/Gap.lean	62b567d51593e6ba811019c4c133ab5e66f5f94c34f449a00a986ede214b0550
BoundedCliqueGap.chordal_gap_linear_of_cliqueTree_width	propext, Classical.choice, Quot.sound	BoundedCliqueGap/Gap.lean	62b567d51593e6ba811019c4c133ab5e66f5f94c34f449a00a986ede214b0550
BoundedCliqueGap.exists_cliqueTree_width_le_iff_cliqueFree	propext, Classical.choice, Quot.sound	BoundedCliqueGap/Gap.lean	62b567d51593e6ba811019c4c133ab5e66f5f94c34f449a00a986ede214b0550
BoundedCliqueGap.gap_linear_of_revPES	propext, Classical.choice, Quot.sound	BoundedCliqueGap/THMaster.lean	dafcdd2d3ac70a46607b92ec3845210434f3c0d599c140f900f829e168217257
BoundedCliqueGap.exists_revPES_of_simpleGraph_isChordal	propext, Classical.choice, Quot.sound	BoundedCliqueGap/PEOBridge.lean	4da985c00eab13666c0a842a7229daaf605d91749eca0bc90b6e5d284d1b4111
